international_plan,total,churned,avg_day_charge,churn_rate
No,3010,346,30.412495016611295,11.5
Yes,323,137,31.958390092879256,42.41
